,A,B,C,D
2000-01-01,-1.465703700895029,1.2742865765313607,-0.4871779197540174,0.5918029390986171
2000-01-02,-0.3839945499558126,-0.020358270301855885,-1.4704277603542817,0.1352628653134731
2000-01-03,-1.7891520450804332,0.25688758468358974,-1.6289185097273708,-0.29138465820240206
2000-01-04,-0.8632199746956813,0.24405952450427693,-1.45911231129109,0.0051290784905789755
2000-01-05,-1.901651399924809,0.41192665629059066,0.13146600219360738,0.5665890811862555
2000-01-06,-1.9378587742799218,1.977192946421101,-0.12418350385409233,1.6481056750264604
2000-01-07,-0.7667303543965343,2.870476166261253,-0.8789562347663331,2.4070244021871874
2000-01-08,0.05747280117835685,3.163932968105065,-0.07821922819653171,1.9078360238395593
2000-01-09,-0.9879214367343286,0.8642497077791385,-0.6103550195564769,1.9451643940753636
2000-01-10,-3.013303068056987,1.3117028963308617,-0.5355033047338782,1.9941743235813427
2000-01-11,-4.294689609847477,1.6836840061392424,-1.0877735712724939,0.48525888114325255
2000-01-12,-4.764832687126513,1.1465601651295154,-0.25107892178588476,0.7563332291900624
2000-01-13,-3.710702385280378,2.7118924203419317,0.006622000769093528,0.23525422405023444
2000-01-14,-3.3440173360552516,3.9478271833221124,0.27818564033337734,1.930050914188201
2000-01-15,-3.549629086241184,4.594421703811988,0.3312037073724949,1.467867079045663
2000-01-16,-2.227542166132758,4.921510462549492,0.8916596688125331,1.0747163679091445
2000-01-17,-0.7216955933670193,5.32832127947502,0.5519530687147396,1.508651857962949
2000-01-18,-0.5057862521640022,5.403796875052684,1.0205028358312869,0.5620840983201429
2000-01-19,-1.2962277998134775,6.048235535472479,1.5125670542833736,-1.8252687308522122
2000-01-20,-0.6323801636543127,7.035464432411825,2.028277959109602,-2.5824335404494816
2000-01-21,-0.8970487987886846,8.74583407631024,2.4006341434093805,-3.8131922589438507
2000-01-22,-0.8591150889302007,9.009973856177462,1.9965727248401486,-4.656408984826878
2000-01-23,-0.5606792836748014,10.949559153563007,3.6460049126941896,-4.271417655208417
2000-01-24,0.611733339634217,10.468903768613817,4.301638242888234,-5.058029890324441
2000-01-25,-0.12004119410023839,9.202524509337065,4.011276540874554,-3.766278576604422
2000-01-26,-0.3047758550488471,10.098729563198166,5.605178578522066,-5.114964835030477
2000-01-27,-1.3146889882120463,10.016374049106343,6.833774116225618,-4.128572650861054
2000-01-28,-1.8877118591998525,10.342757553911813,7.498052311949431,-2.0121493291177903
2000-01-29,-2.506710427452061,11.235954837467705,6.821552676491244,-1.7745563216765707
2000-01-30,-1.9864145641599196,11.749941112519572,5.876639551803181,-1.8818048157843674
2000-01-31,-1.7186053019514889,12.756415419604657,2.0264120610530734,-0.8158823239172377
2000-02-01,-1.7911704664844763,13.29893848505154,1.4365336831198072,-0.04509422120232709
2000-02-02,-2.367998044784039,14.497217521499595,2.1860564163489533,-2.585986301665761
2000-02-03,-2.9467448534109706,14.436809875442165,1.6191183044695805,-1.773514932562487
2000-02-04,-2.045222154973218,14.160953999041835,0.9729761269703633,-2.8334422703661275
2000-02-05,-0.8977379721925005,13.083847495983814,-0.1401496761576434,-3.67681363439869
2000-02-06,0.28237930467568706,13.37928874942943,1.3147440593338855,-4.139944335048487
2000-02-07,1.4014565407713038,13.817482442099998,1.384959442371589,-4.039620764264384
2000-02-08,0.4923614803759714,13.742030145130967,1.0204909619056346,-6.05944145177151
2000-02-09,0.6776844656952747,13.568439344966139,1.46584259784373,-5.3820241202739245
2000-02-10,1.3813037612768682,13.477464303837891,2.6098250818905084,-5.003781147712933
2000-02-11,0.2567370555225599,14.82029754867969,1.0299206905774967,-4.894657448838434
2000-02-12,-1.3422194035081483,16.304922370655863,0.9600908999529557,-4.706618228000114
2000-02-13,-0.6009830142806787,18.2806193970672,0.4187549811696336,-6.477692453057277
2000-02-14,-1.1444215058555796,17.074928812277882,1.1017096054102722,-6.460219009558883
2000-02-15,-0.003569912104159023,15.837388268307741,0.9853957360778861,-4.244805051150108
2000-02-16,-0.763218864077302,17.29156346862008,1.8279931753873226,-4.806681724247671
2000-02-17,0.013036494777295626,17.20199868443683,2.449812227200328,-5.109749417856036
2000-02-18,-2.4740037942640423,18.819126172346948,5.3910440535385735,-5.6529789549932365
2000-02-19,-2.4445326369908726,18.521875895211814,3.9672987829241966,-6.325158765699762
2000-02-20,-1.8225026884576254,19.839324422838605,4.131988523557416,-6.089492261963805
2000-02-21,-1.9728080383784061,20.225927253827837,5.01402827729534,-6.14125307702661
2000-02-22,-2.83393666977432,21.373936182682936,5.377152987837535,-6.40468054384423
2000-02-23,-2.6709589713220985,21.57690760084777,6.497779481137581,-4.367059262363093
2000-02-24,-3.4581681593116187,22.00192888755477,6.1797436914740285,-4.016160074009646
2000-02-25,-5.002984936254761,21.541124815243144,5.781800819308555,-4.000173784629283
2000-02-26,-5.743169026540329,21.714276946316048,6.071034863290621,-5.140820733655719
2000-02-27,-5.412322827622655,21.655054009823363,3.446034508778362,-5.274872578516554
2000-02-28,-6.238739327540082,21.130162289812375,3.0652883659632417,-5.522908004253488
2000-02-29,-5.783599159435697,20.44512899047955,3.535663886851229,-5.214273394039011
2000-03-01,-6.315845639048781,20.817170524755667,5.497451270103647,-4.454498416327228
2000-03-02,-6.794038218562095,20.802601505356012,5.772143139883442,-4.215337035188444
2000-03-03,-6.331839723234942,20.07927280510497,5.9819361466218615,-4.137847984005652
2000-03-04,-8.66388175031613,20.40685448122797,5.8125254037756084,-3.2416447322887825
2000-03-05,-9.268086659336541,21.294842821135283,5.766517420360132,-4.325033972595669
2000-03-06,-11.087481067848723,20.539292938208117,5.124744527827133,-3.319534779584795
2000-03-07,-10.363546729137859,20.983983823888163,6.002353453890262,-3.0221271771747507
2000-03-08,-10.329773844047313,20.09347115416815,4.763923602185509,-3.3867131173924943
2000-03-09,-7.762129078595038,20.763717532115052,3.7878074303427485,-4.424249365121997
2000-03-10,-7.832766945652468,21.17597294553281,3.5222895187101706,-4.991384707469025
2000-03-11,-6.508491142159942,21.459525083839925,3.5779319667526037,-4.15238489908121
2000-03-12,-5.271329957740076,22.275617162464478,3.5680917966233245,-5.206746168517994
2000-03-13,-4.684188955150749,21.597146812133097,2.7811124846079336,-5.385813184607888
2000-03-14,-4.03696724743707,22.206784222094843,3.310969032542794,-4.664021931040964
2000-03-15,-2.7054896109779802,23.665357345609365,1.41784502785368,-4.301694107077108
2000-03-16,-3.445223245328216,24.33590545016208,2.0118535803365343,-4.816781214981117
2000-03-17,-2.6786324351265547,24.689496646409243,2.6147702998221654,-6.118006381010209
2000-03-18,-1.4212774376450534,23.944267245114908,2.2316836509493094,-6.068617607595582
2000-03-19,-2.7096806862926095,23.029231207603402,2.248604841720069,-7.538777822244053
2000-03-20,-1.1803697444368648,24.827574099122373,1.1774557665307759,-7.250354395400917
2000-03-21,-0.31432442518055903,25.181605307606638,0.5211228392782076,-8.103734836963033
2000-03-22,-1.1873488594936268,26.066864727482514,1.1092061298937026,-5.37745406792275
2000-03-23,-1.6594858540331678,26.932406202853024,0.6948483885237042,-4.274724351891019
2000-03-24,-0.9506057629313251,28.189879998150914,0.36388922319041844,-5.763622675227339
2000-03-25,-0.8441797352166094,27.76808494253372,-1.3965522675333566,-5.86989871777397
2000-03-26,-0.2793159394672172,27.622350754716955,-1.1592210223466308,-4.442436682552745
2000-03-27,-0.5144351190663811,26.64712740870905,-1.4502165843349064,-4.30106003149738
2000-03-28,0.28007893132331063,26.074650347074385,-0.40187491955911603,-3.894376005518911
2000-03-29,-0.6588787682427705,26.171924487024867,1.1527619483565106,-3.5476280547217574
2000-03-30,1.8093935975909607,26.618224979786035,4.507438101776173,-3.6224824878258155
2000-03-31,4.292350627550704,27.13096518771037,3.388255040472493,-3.1454923043435237
2000-04-01,4.729874614522557,26.843258095653134,3.6434335739080503,-2.975668286711524
2000-04-02,5.510263011859116,26.671929665036444,3.8149287997858217,-2.4167184251330553
2000-04-03,6.005542539653886,27.610328435662264,4.248225752205383,-1.7819274622602457
2000-04-04,5.269551080866549,27.499386646089594,3.920082230315522,-1.1616138142049328
2000-04-05,5.141202285293288,26.680867730661056,3.0764834912535317,0.31630650406796557
2000-04-06,5.3766301616139724,25.616831584995293,1.0478390747345054,-0.9266133056422836
2000-04-07,5.0052885368301645,25.26159539213444,2.0827928727024476,-0.766455193417479
2000-04-08,4.430256621939842,26.534164031208284,1.7006804872615504,-1.1659547792365657
2000-04-09,5.093630128240401,27.559610044847304,2.061597789161211,-1.313990449252151
2000-04-10,3.636343177651093,27.560558974332952,0.14551049409521033,0.14097841610921158
2000-04-11,3.9527990181355768,28.281672806832933,0.9793476104115645,0.25980413604390284
2000-04-12,3.7951789217965213,28.01200455264354,0.7605156403295333,1.2892049817890179
2000-04-13,3.8834052377882293,27.46708736091921,1.8799398539871097,0.9487801499781199
2000-04-14,5.012948635018381,26.845946425285117,0.8503339088323383,1.1805495378287647
2000-04-15,5.887089681812131,25.625463029449527,1.7266560464749265,-0.5615663160751254
2000-04-16,6.260837325158396,26.654380567806562,0.7827540155891446,-0.5662729359379405
2000-04-17,5.416888164207079,26.627403898792057,2.4053465473763245,-0.6593538326879512
2000-04-18,6.155617149177407,25.231388892590235,2.6332855640731037,-1.764074582585959
2000-04-19,6.142061546786377,25.21330744278354,1.6651059883223498,-0.16567985351438663
2000-04-20,6.977120616624748,26.00161863525058,0.4265813200301365,-0.7888261184440889
2000-04-21,8.109255740361483,27.599067584046026,1.058892198370044,-1.2043555431305606
2000-04-22,8.53348626889504,26.9589074513011,0.2098737095439347,-0.7668566657047957
2000-04-23,10.361060509781934,27.233235038029022,-0.1261219124655099,-1.407287659876304
2000-04-24,10.461057686904857,28.6830608939932,-1.737019643914572,-1.1231279075907787
2000-04-25,10.249625430034268,29.340868052152217,-0.9170932506811394,-1.669423312038521
2000-04-26,7.863303368579126,28.641455431056745,-2.4617079515811087,-1.4100580006846652
2000-04-27,9.521528805072558,27.133866565339993,-2.3533248010573233,-4.340648484507191
2000-04-28,10.28474269747459,28.15903558592492,-3.0997880290503,-3.911924251187611
2000-04-29,11.187899046004338,29.037768621033646,-3.339868124999221,-6.2863389014747995
2000-04-30,13.067868523923654,29.054854320748795,-2.816625766086916,-6.210580835552627
2000-05-01,13.776317647880429,30.359817660894926,-4.234166271046213,-4.591835001242577
2000-05-02,14.608377414912933,30.217669306629258,-4.1039300344125405,-4.003887672219827
2000-05-03,15.390679209643459,28.530850453339998,-2.384859194589432,-5.896383962829946
2000-05-04,15.916406998175187,29.021352027894164,-2.748872967141068,-6.017171092013871
2000-05-05,15.713027532592854,29.886746824071512,-5.386539662895363,-6.513506893721067
2000-05-06,16.548467754986653,29.142550804293116,-4.526379053303204,-6.046702337901648
2000-05-07,18.366010850760752,29.24909310878435,-5.3787765054783065,-6.320877717188776
2000-05-08,17.57478235860463,29.260041457370452,-5.333356237966976,-5.366931594159417
2000-05-09,17.546010683538857,26.48320009994614,-4.9906642584925605,-5.08800626728026
2000-05-10,17.757927305177176,25.746434732106973,-3.601551801551941,-3.530582317804175
2000-05-11,16.459739453389524,27.76992866894545,-4.136150478860874,-3.909933032232008
2000-05-12,15.33040557326134,29.30787261621547,-4.507264703212341,-2.1137256858879834
2000-05-13,14.685603127492824,30.419354151542937,-5.141546537131911,-1.6472306919814945
2000-05-14,14.37300594624173,30.878649066243153,-5.632402804392629,-1.9785649136885723
2000-05-15,16.04041170462299,32.524457359412686,-7.143580108832979,-1.5278970447071467
2000-05-16,16.522500815194583,31.624985443015778,-8.328333088821086,0.14738949626473086
2000-05-17,16.300407908513662,31.17884797716335,-8.696164098505927,1.2597860519716357
2000-05-18,16.568435745237306,31.275558385267853,-9.74990883298652,0.4303429509783756
2000-05-19,16.88226447162193,30.952435423178695,-8.054593362409886,1.3745340952507756
2000-05-20,16.22621634746833,30.424987621113,-9.623000647800868,2.8522373494765034
2000-05-21,16.758307400429675,32.296926004852196,-9.721316593720408,1.4476599888409862
2000-05-22,15.805265714826938,33.15274032876027,-8.113147354142427,1.3817459161004784
2000-05-23,14.706569776559423,32.201736080014015,-8.428535214141375,1.0453173025728135
2000-05-24,16.664263251819985,32.54232025159366,-10.941682651579235,-0.8569625269246457
2000-05-25,17.272770614638183,31.65354276313821,-9.423960409872413,-1.6434269508215802
2000-05-26,16.658624652938443,31.96915348088204,-9.71876901425222,-1.2912395727762298
2000-05-27,17.57458893044704,32.74490102912474,-7.685604426160426,-1.5098252234849607
2000-05-28,15.2384011671534,32.810792499038264,-8.29402619834011,-1.786863741600058
2000-05-29,16.04092876332859,33.177887030826994,-7.189572624352396,-4.0166518287834645
2000-05-30,15.631224416117233,33.88941906436903,-7.409417986102907,-2.608046213793116
2000-05-31,15.899462701516509,35.78989159185562,-8.590293958301089,-2.239443312599144
2000-06-01,15.135096586582668,35.87542753939471,-10.429798278225444,-2.2012116818880783
2000-06-02,15.685089634486495,34.37694959357061,-10.73206473764603,-2.388389918092861
2000-06-03,16.96441920515124,34.487122724192126,-10.88525357179773,-1.079224981003095
2000-06-04,18.34433759094163,36.66438588873113,-10.60611661031408,-1.2163861171732024
2000-06-05,18.888651117700515,36.791684687532914,-10.554280308119523,-2.215006241959143
2000-06-06,18.269823939265663,36.300389352574776,-9.87051831669428,-2.370575265278077
2000-06-07,18.78133542122705,36.815680827130414,-10.370464350965742,-2.652050859159481
2000-06-08,17.967765319322318,37.94518041944374,-9.134420129234186,-3.2316885654080414
2000-06-09,17.777501118725485,37.01000071011143,-8.17466073635366,-1.915110112812868
2000-06-10,18.391310991024856,39.82117128675844,-9.062715800285673,-0.04431864933565799
2000-06-11,17.92132914500385,38.40917491443188,-7.663343764974784,0.8697692654365962
2000-06-12,16.9750880776906,37.06152323228586,-9.145673745178728,1.7322210464154946
2000-06-13,16.88473071026436,37.644985998458274,-11.475049164546883,1.138532757780884
2000-06-14,16.78268937365422,37.6621009703668,-12.130919536270834,1.54234593196523
2000-06-15,19.11662765119597,36.52583410999556,-10.92538542251847,1.1212336716872677
2000-06-16,18.72944905988267,35.54638421328263,-10.954943353071295,1.4325436134138934
2000-06-17,19.332475651975948,34.994079338658004,-12.077711092720481,1.9857178016092338
2000-06-18,18.56399406537085,35.46279990511491,-10.482080927385343,-0.4204773240045938
2000-06-19,17.809631923507993,34.42915531712893,-10.077459486143793,-1.8408686178672702
2000-06-20,16.42990969043329,34.45999269147218,-10.951613226960403,-2.8314294841001058
2000-06-21,15.510549299847314,33.637728473395185,-9.472119308978929,-1.9801915950533169
2000-06-22,15.029477954157239,34.43775836801269,-8.950706699512493,-0.39945807045651494
2000-06-23,15.638476519187972,33.15103245271716,-8.236401208088944,0.0028310432623738224
2000-06-24,17.085117958733303,32.95162334284035,-10.205223306506022,1.7971115258427055
2000-06-25,17.877659964974217,33.46497158644941,-9.773297004996243,0.8634080134320594
2000-06-26,18.115082081998665,33.85461327455039,-9.011144727809318,0.15018610248783315
2000-06-27,19.255146121466936,33.16449878294908,-9.989395308666964,1.2504292155563408
2000-06-28,19.660970208012174,32.72722371428116,-9.424152937568795,2.136829329086378
2000-06-29,20.36106476881264,32.68682773795538,-10.959127917068955,0.8144105755049478
2000-06-30,20.913101693650667,32.20284300632754,-10.305787424087322,0.6315249326912228
2000-07-01,19.78957676174485,33.12759617911445,-11.169780346843229,0.4671368809246155
2000-07-02,20.51620965002322,33.49471737107349,-10.456310016798817,-0.8042843971868472
2000-07-03,20.309655434539977,31.68611823342147,-10.602279790112938,-0.178213627690048
2000-07-04,20.611664744632137,30.25086761082497,-11.590104058146464,0.11210990753427869
2000-07-05,20.770596337914796,29.429302285563235,-11.808276346468116,0.5253302318359201
2000-07-06,22.15670752096488,29.875535725501635,-11.591223286050557,2.074846727603054
2000-07-07,22.222852766812515,29.041936080089286,-11.527509541244008,3.008361460376294
2000-07-08,21.676448160758987,28.471330323826116,-12.661755564940407,2.4733720973893405
2000-07-09,22.963668353234432,28.319753079472765,-11.990793923379847,2.4932449936003973
2000-07-10,23.459538504309077,29.691330038620638,-10.867591164262242,1.7527651937407007
2000-07-11,24.374337150247836,28.246714762343597,-11.862389594704387,2.0090545604195547
2000-07-12,23.37332978137303,28.246200909228858,-12.544781447944034,1.2097313006217596
2000-07-13,23.212689078225104,27.56525397642992,-13.188807769018403,1.4904370922939756
2000-07-14,22.02933195007121,26.262399457803344,-12.87540538916862,1.4706680581887979
2000-07-15,23.414834400907132,26.142276232830348,-13.163872533162051,0.6436074930740773
2000-07-16,22.80564548796587,26.472525963269543,-13.93737082952046,-0.46662490694394376
2000-07-17,22.63011136205316,26.40612097113685,-14.753908241402684,-0.5222001555513642
2000-07-18,22.329776041952055,25.338006418172768,-13.761274205716045,0.2622086077452658
2000-07-19,20.85900801972576,25.484113885644874,-13.287741767547763,1.840920376258627
2000-07-20,19.699190717426188,25.127337381362384,-13.217833251554147,1.9186098539527994
2000-07-21,21.278696406543446,23.820257931687827,-11.844843141205837,2.549783008955326
2000-07-22,22.152169155182435,23.736413878681937,-11.421566512205917,2.1182335538536616
2000-07-23,23.553568068562793,24.54829256701371,-11.161255241660113,2.9211813981667496
2000-07-24,24.890023207293535,26.135506320358125,-12.055273789015114,2.1822587590219795
2000-07-25,24.298113479058745,26.70454971953615,-10.464014725511829,1.3626010720797492
2000-07-26,24.428539124783075,24.087456240565665,-11.65040842435576,0.3708327442568551
2000-07-27,23.93881057658316,25.28265167259891,-10.133970940408206,-0.04870080269559468
2000-07-28,26.98199675808514,25.668441181761295,-9.132406177696271,0.8909496743706211
2000-07-29,28.39135621984994,26.359516372439938,-8.772479474363722,-1.3122333205527745
2000-07-30,28.446807461493943,27.74903008043049,-9.498491645286428,-2.7414724218780218
2000-07-31,26.954897866588638,27.518284967218207,-8.474310326132832,-4.551145530623406
2000-08-01,25.452003862218724,27.017571543420136,-9.788837448027184,-6.05462536129758
2000-08-02,26.870666503761033,27.136896337265753,-12.804617457270114,-6.610191566760442
2000-08-03,26.261886897812268,27.43676473543623,-12.707549544164388,-7.028330145407255
2000-08-04,26.257970961703297,26.37743102491363,-13.263154647295785,-8.520833995872325
2000-08-05,25.19664737614676,27.031249451293277,-12.836726494269245,-8.21329083129689
2000-08-06,25.563330789462338,27.70500513735287,-14.571369994122612,-8.368995816440453
2000-08-07,23.998797614318214,26.89738086850087,-14.178845530051415,-8.447177143733205
2000-08-08,25.563826480027863,28.09548312459553,-15.925971670772793,-8.506729801938722
2000-08-09,25.54626059992246,27.36158355806995,-15.001636915987008,-8.484920495808472
2000-08-10,25.23273239805127,27.22948444570058,-16.947541260712647,-9.546009432537234
2000-08-11,26.13467864172255,28.55041622702998,-16.282690683387894,-9.296005096953813
2000-08-12,27.12451044421371,27.553416657164146,-16.60172413043953,-8.212299907221455
2000-08-13,25.750507364363255,25.3159849015169,-15.065715725738642,-10.439925255865468
2000-08-14,24.95478241260622,25.58626964866445,-14.053348715790149,-9.870745568859592
2000-08-15,25.005205590719736,25.726250656343762,-14.791667549009293,-9.842348424429053
2000-08-16,25.34997474542385,25.971989808967788,-14.811249698328231,-9.75702383043301
2000-08-17,22.935999522572192,25.882799553682663,-15.302014987613804,-8.978556366474882
2000-08-18,22.3780416573081,26.125540534334096,-15.247255101733465,-9.69439325862099
2000-08-19,22.788379943381788,27.27101241990949,-14.285329128202212,-11.230299162248093
2000-08-20,20.534118195849462,26.260670281443137,-14.09838478478674,-10.344370473881247
2000-08-21,19.165098514546514,26.4213219356603,-15.428464133010587,-10.482219792260572
2000-08-22,20.457729770867573,26.24981372017495,-15.873102012530783,-8.228829014308923
2000-08-23,20.993798833013503,27.611530356684867,-16.699995759513516,-7.924144335446455
2000-08-24,19.844466368975773,27.95102898541462,-17.586964461854446,-9.076272220244986
2000-08-25,20.58344449226854,26.23720833194239,-17.246551119479303,-9.03021530152759
2000-08-26,18.85156097027372,25.33120633448145,-16.240056356548187,-8.946161993857
2000-08-27,17.615905056198795,25.883330238275704,-15.703593450928613,-9.16788360370888
2000-08-28,16.547567716084377,26.476672555396643,-16.181347374940987,-7.816924618526304
2000-08-29,18.150534921083864,26.88280292496293,-17.364246205327273,-6.336561414413512
2000-08-30,17.851139555502737,27.199052217187063,-16.89431626341776,-7.692840997449763
2000-08-31,19.239907969367565,29.82033841920788,-16.184613993483755,-8.475372003509257
2000-09-01,19.008251329764917,30.531281935356848,-15.57682008857219,-7.342649286379304
2000-09-02,17.328450546021024,30.168110681554076,-14.930471909264842,-7.0972980777588
2000-09-03,17.89651705184699,30.9020102699235,-14.953472378667145,-7.229445309298783
2000-09-04,16.19472554141945,31.267555659976367,-14.457958645595578,-7.009806931158156
2000-09-05,16.221984785354135,30.83956752146459,-14.245238374077354,-6.459585739922233
2000-09-06,16.413795189344473,30.05922390786503,-13.134324796858824,-7.062944756385285
2000-09-07,16.262878265238662,30.25317643768934,-13.379870146644377,-6.432180672179183
2000-09-08,16.56392065532293,29.363818819523285,-13.225853645460473,-6.720710816657048
2000-09-09,17.002374101062507,28.984620319395102,-12.342531635324331,-7.478364033491993
2000-09-10,16.466776490353862,27.822789470890374,-13.16716523679853,-5.934208273164048
2000-09-11,16.131561110667107,28.983097039863477,-13.44625532924088,-6.982500048877387
2000-09-12,15.248923245109197,29.747047923810385,-12.073501045663496,-7.026679364402952
2000-09-13,16.56701681877983,29.427548856649384,-11.20948944082145,-6.139852327924018
2000-09-14,18.125264204792384,28.29472705469376,-10.613951734037517,-5.66619542149604
2000-09-15,16.440350182080454,27.678616036203607,-10.5331007052984,-5.717994139224347
2000-09-16,16.21027033349174,27.608903425387393,-11.153556651228714,-7.451913987844864
2000-09-17,15.365137420243611,26.995362267319532,-10.836096619690016,-9.392634284058753
2000-09-18,15.779602370069167,26.111806536326807,-11.898479377341637,-10.127272778785967
2000-09-19,16.992195058406303,25.811564656991447,-10.5718023561068,-10.008362181481699
2000-09-20,18.171223738636645,24.41247599836182,-10.269166490448987,-10.61246668692751
2000-09-21,17.64782318085285,24.571198878619878,-10.330127532463848,-10.675899804657233
2000-09-22,17.053392606550723,24.58658803237799,-10.475664214285521,-12.016642149650888
2000-09-23,16.838586329568194,24.09344460038599,-11.519420854455914,-12.684929697843236
2000-09-24,17.235912926960722,24.361387972366373,-11.558971518969392,-12.90024175700314
2000-09-25,16.908258863813437,23.657874382725915,-11.42938847914759,-12.088963370959714
2000-09-26,16.085406356629,23.28500540612203,-12.564085519317777,-12.847472752336815
2000-09-27,16.221176115570294,23.53085527988345,-11.672381320331674,-14.20301467962824
2000-09-28,18.175095509412724,23.89879831886569,-11.465408448166007,-15.774996105885407
2000-09-29,20.245100815938944,22.868150417312172,-10.464597385389233,-15.711827406454589
2000-09-30,19.980398230327655,22.053081067771643,-9.041431596127833,-19.41754775532867
2000-10-01,20.6297701896583,23.467673932477634,-7.899100742197646,-18.181070736568973
2000-10-02,21.336284508989372,25.825246372302317,-8.014485947111691,-16.117904355880523
2000-10-03,21.772280086253534,26.36200945469093,-7.501468913901774,-17.676124101681566
2000-10-04,22.80952287144573,27.02875044868741,-6.7609703137783965,-18.163360459594685
2000-10-05,23.497181577736367,27.820649130435196,-5.955225907980027,-17.44823589735342
2000-10-06,23.144107477135336,26.452717315516743,-7.586409433667974,-17.338216034938128
2000-10-07,24.003901321536336,25.25295062175372,-7.857082883854619,-16.94599581870042
2000-10-08,23.079155774461537,26.59256170285664,-8.505900986705356,-17.461220318633934
2000-10-09,22.541213011375838,26.5925997680336,-8.86802086178136,-17.202669995682022
2000-10-10,23.36879109809267,25.609996174273572,-9.368101789075144,-17.45418158426432
2000-10-11,23.044776392257965,25.50546429109127,-9.951259119351903,-16.690015516221507
2000-10-12,22.917351472383274,27.03283061675826,-9.704535221337444,-17.594399300361818
2000-10-13,23.13421595804955,26.689531560687477,-9.138184978563668,-18.148570470612338
2000-10-14,22.821417141613516,27.611328572487245,-9.204085451325104,-17.702542926081357
2000-10-15,21.293050960514933,26.796362517444376,-8.903553775540166,-18.139425517743874
2000-10-16,19.91131853170487,26.24823625583592,-9.125195833864705,-17.015556083395538
2000-10-17,18.839199379765923,25.95064024774573,-9.219263088993518,-17.196629890166765
2000-10-18,18.446384394079868,26.263784438998474,-9.201883388864827,-16.19277226616719
2000-10-19,18.093450176573104,26.875787287825165,-8.705313773645795,-14.033463468289112
2000-10-20,18.596725828401183,27.540233410580914,-7.747240646217939,-15.145228085935981
2000-10-21,17.083358867955283,28.523667486619114,-7.074803167975264,-12.98070299532438
2000-10-22,15.805107849356132,29.497717363362014,-6.5142307384070355,-13.443306069469898
2000-10-23,14.823994839420088,28.661162399935797,-5.156135642662125,-14.263154286205815
2000-10-24,13.8584686244057,28.953147391531093,-3.493716671216458,-13.517364233968426
2000-10-25,14.603787091002953,28.665664043338428,-2.2761608667377216,-14.487746057933357
2000-10-26,14.411547881527024,28.575416978368704,-1.5401602723968408,-15.832852508875815
2000-10-27,13.97452558791224,27.319662278637914,-2.1668067059729443,-14.735389686579078
2000-10-28,14.497166605782956,26.915703158974267,-2.9923024938268292,-14.244109429483085
2000-10-29,15.655577479157923,26.62106215076811,-3.0714513247844506,-15.32317800201237
2000-10-30,15.145542669779998,26.785211805245524,-3.0173943255410727,-15.696552224672171
2000-10-31,14.013138218118684,26.93166582656815,-2.083568302623802,-16.39046704256049
2000-11-01,13.807755552224686,25.350362164916362,-2.803470807821374,-17.029491183766847
2000-11-02,13.562052223783862,24.76202369739421,-4.5604152389624435,-17.336779124575745
2000-11-03,14.026922723057815,24.973481937802337,-4.162211596964665,-17.46402953271355
2000-11-04,12.954686379730804,24.675113884346437,-5.562406715320203,-17.373608716530555
2000-11-05,12.630852309680368,24.73451808733066,-5.964334149433441,-15.71645073425885
2000-11-06,13.464752719895175,25.614967123749587,-6.103100633199358,-15.981776121076376
2000-11-07,13.69277631603424,26.690887539530767,-6.419092950744665,-16.770547314171363
2000-11-08,12.674455667662963,26.494215223797866,-5.15945335789284,-17.163768687331675
2000-11-09,12.637186808772638,26.44461484184385,-6.596447308623615,-16.95867761341763
2000-11-10,13.99439205220321,26.49907039396754,-5.7399769074324745,-14.476172737918231
2000-11-11,14.477777203756116,24.395065028361383,-4.406500017572704,-14.109628216040385
2000-11-12,14.608033563740733,26.213836494628147,-5.351035400983045,-14.298028319720654
2000-11-13,14.509015710900023,27.350446747620822,-5.859339272498129,-14.222185080275041
2000-11-14,14.079043262317864,27.04243080727971,-5.124572352645154,-14.717364148804949
2000-11-15,13.92379698202422,27.829981355623833,-4.940899155613721,-13.20660718720563
2000-11-16,15.492442001354584,27.482975424357672,-3.9311079428673654,-13.634869694543294
2000-11-17,14.40555378486258,26.918747184801845,-3.573027520323965,-14.144625784783338
2000-11-18,15.684146483961163,27.562293257876306,-5.749569687057439,-15.145278865616458
2000-11-19,16.001864256599255,25.846096042227654,-6.23912892932283,-14.07563621920608
2000-11-20,16.3445317339061,26.25242273824222,-4.249917312335427,-12.739895881465827
2000-11-21,15.805987727110772,25.65904256880689,-4.049529672820407,-13.73331926947564
2000-11-22,17.116781417305866,27.56276812451028,-3.5293579781900917,-14.28102280972169
2000-11-23,17.289502786830788,28.114922374396745,-2.502542670952037,-13.859621661300737
2000-11-24,17.041831315965187,28.051403882084166,-2.249206317556702,-13.581819523944032
2000-11-25,17.907283642971542,26.52210361514147,-2.77456044507106,-13.285795322482791
2000-11-26,17.916587864372346,26.286613344611286,-2.3523858855493307,-13.171178829143297
2000-11-27,18.03907419498797,25.36773542055502,-3.7120460550657333,-13.255374699327596
2000-11-28,17.100569880640478,24.762740740552754,-4.810772352042799,-13.827335370941503
2000-11-29,16.05572525915316,24.404175304711842,-3.282324965510802,-13.904513180144178
2000-11-30,15.235105388356049,25.517881314492225,-2.6946789364711647,-14.698246507742946
2000-12-01,15.003359879351047,26.418558664882237,-2.6659071902008615,-15.298041975323441
2000-12-02,14.974615022234422,26.962775263637035,-3.2805820806640353,-13.89040328600054
2000-12-03,13.310599661639136,25.730658827691496,-3.0804684797075037,-13.500594551097318
2000-12-04,15.022106487691293,25.739586645455116,-5.118783750448969,-13.06170291471796
2000-12-05,14.346022106688078,26.613037719673073,-7.190298358626205,-12.07403702161585
2000-12-06,12.896911280540381,26.285369239632583,-7.347942151258774,-12.171288258657118
2000-12-07,13.143018790980696,25.581838102464015,-8.356120001325548,-13.064650481352853
2000-12-08,12.879162328816635,27.643863188868238,-6.938371428767252,-12.998737286962783
2000-12-09,12.4597042494531,27.680306640308032,-5.9752588715627315,-11.69432000700635
2000-12-10,13.594543056336677,27.540671270611014,-6.528342081421962,-12.002291514035813
2000-12-11,14.880766755988935,27.002237752142612,-6.1248258183855295,-11.360258384343235
2000-12-12,15.51797465737282,26.095041993166944,-6.848875483471732,-12.176600906544603
2000-12-13,15.174577815908098,26.074452010390743,-5.8265379869803535,-12.817607833544127
2000-12-14,17.29006675394151,26.681386491764187,-5.719980979148748,-10.963794554318401
2000-12-15,18.48017112674795,26.908817013252804,-6.406297759347703,-11.889383371636434
2000-12-16,19.50128049630391,26.68343828531817,-6.802342347250727,-12.359939565724932
2000-12-17,19.62217425616729,26.496039305451546,-5.831719836117296,-14.041525297306427
2000-12-18,20.480591246689176,28.352231701306977,-4.9977428784287135,-14.636320845861755
2000-12-19,20.029142079334456,28.20538738550752,-5.245650511699219,-16.27747839071771
2000-12-20,20.971912134278288,28.12631070415196,-6.631455042577665,-16.623596284190032
2000-12-21,20.7971898982068,27.920056051157296,-7.326197354666929,-16.21720825857967
2000-12-22,20.172295466095335,27.746546966624877,-8.149793161449637,-17.37007696062945
2000-12-23,20.325421224017013,28.31551319865063,-7.4635974446140345,-16.80024945088131
2000-12-24,20.575100718056117,30.15088083855187,-6.757980697735604,-14.971557679943317
2000-12-25,20.382422759451504,31.087947865972986,-4.610212040283263,-14.759473476982171
2000-12-26,20.947935388647675,30.525222068873273,-5.561635103510093,-13.607407695650473
2000-12-27,20.467248366712663,30.628913094384522,-6.526452488830091,-14.493551059810004
2000-12-28,20.24908098645244,30.01691523580873,-6.82560305006677,-14.225623685460578
2000-12-29,19.823482799647365,30.672491833731982,-5.458910778400735,-14.168940944461209
2000-12-30,18.28607658855894,29.379336849023574,-6.119502045371587,-12.328922124094008
2000-12-31,19.18426710259877,26.8974714077288,-5.724899796182055,-12.614127518184398
2001-01-01,20.295360378423375,27.66011919624882,-6.800865704050045,-11.740560585992633
2001-01-02,19.286369154172483,27.203689283517292,-6.258334646517709,-10.961781615095397
2001-01-03,20.71995381880084,28.412926074501645,-4.915266500281538,-12.11809846203776
2001-01-04,20.057959632737436,28.069192913133055,-4.503476786854361,-11.731366448646138
2001-01-05,19.994484210000202,28.531034056137006,-3.3563045746755407,-11.37700006990691
2001-01-06,19.267496194328714,28.78036722706607,-5.831143039238716,-10.994129112841117
2001-01-07,19.07074467303318,28.049335756978845,-5.882269092693825,-11.391610149387628
2001-01-08,19.07481717623856,29.232766855957927,-4.385480880940828,-13.07418734734651
2001-01-09,17.63588737945307,29.25169027350717,-3.8250402397075365,-12.209574416842473
2001-01-10,18.290411288567224,29.697936848518225,-3.183136736562753,-11.554642537185861
2001-01-11,18.752814069217667,30.27583480452225,-4.025749749234199,-11.598274499621773
2001-01-12,19.59480213475226,31.129288553401118,-5.361381286804923,-11.921390383437378
2001-01-13,17.732683837101234,30.243737215540303,-8.230504426504595,-12.313078517727048
2001-01-14,15.564135631238624,30.805811658399858,-8.338690643613141,-12.65994834563476
2001-01-15,16.029958240336715,31.226859755188094,-9.294168025022064,-12.270717252675825
2001-01-16,16.484570977142617,32.34329362681774,-8.160830532873481,-12.145300281663534
2001-01-17,17.593923676754205,31.96601213894765,-7.1795751773046135,-11.495874390700537
2001-01-18,18.656389551207077,32.031396529281324,-9.022117348710069,-12.69721163117955
2001-01-19,18.607375911402006,33.39986080695158,-8.477361021887795,-11.154050424429833
2001-01-20,18.61446463485374,35.01278391484808,-8.175371750751037,-11.129012220633927
2001-01-21,17.990904102075817,34.74678715937228,-9.412001068396298,-8.609484608015082
2001-01-22,18.794324069697666,34.90282965753746,-8.66733151502296,-7.568738620449468
2001-01-23,16.567772876214978,35.51726076826674,-8.954552319424302,-8.797264892783785
2001-01-24,17.343551854869098,35.28858486778154,-8.342486294015602,-9.760056488730768
2001-01-25,17.63439626335549,35.02799728129372,-7.900740080523027,-10.178157394219351
2001-01-26,18.201906985786685,36.02753301071581,-7.313644698373333,-9.012221330072594
2001-01-27,17.468560354025545,36.25866146915922,-6.11267909749821,-8.160174765642056
2001-01-28,18.127555450169023,36.672859630298795,-7.22694123309412,-8.731076296242978
2001-01-29,18.845247652987794,37.80012241198045,-6.418777099282224,-10.751763405583183
2001-01-30,19.755219292772235,39.420893021672626,-5.637623297305496,-11.779958827518275
2001-01-31,19.956849195561087,40.89433236025924,-4.974664572044223,-10.012956671188299
2001-02-01,19.008528513397,43.23635669508652,-4.66310625922997,-9.866182757385305
2001-02-02,18.69390641377479,43.96774538391518,-3.921305800531933,-9.268989336808051
2001-02-03,18.098569196245037,43.70540110944744,-3.495864574624042,-7.976856338075653
2001-02-04,18.74436141484783,44.19451121421713,-3.832245690941254,-6.881420077277012
2001-02-05,18.46511615498875,43.32590733222159,-4.676295176137008,-6.089380948571002
2001-02-06,16.512481042025357,44.59187350023237,-4.027910886479976,-5.425791259208289
2001-02-07,19.59710080975466,42.92342912663148,-2.341403764504797,-6.703860147184974
2001-02-08,20.471383008480597,42.940003353831244,-2.1420125488554906,-6.285152845240077
2001-02-09,21.802275518530866,42.6871736102727,-2.4391846373862687,-6.67113039292825
2001-02-10,21.107618392073185,42.63450099935514,-2.8737125538438746,-4.944426798952615
2001-02-11,19.3640523166202,42.25691997809061,-1.540316393278517,-6.188299544623645
2001-02-12,19.0697646374267,43.318775543727135,-2.276052128716056,-5.23897331828039
2001-02-13,18.458803655285912,41.74974753989847,-2.996050239497783,-4.973653336084289
2001-02-14,17.75165704946049,42.45742004581188,-4.703782225944427,-4.7449898016594645
2001-02-15,18.80252021246092,41.79318260798347,-4.452625331271287,-6.247330619291758
2001-02-16,19.302379375271073,41.522921780575196,-4.58643450535591,-5.07427005375186
2001-02-17,19.628062931744072,41.09391550086459,-3.1598463866551514,-4.716740281630715
2001-02-18,21.34250508378549,41.103160303765094,-3.404611742394758,-4.424540880979376
2001-02-19,21.806891549329354,39.74231056525026,-1.6949388450769796,-5.00483580869167
2001-02-20,21.28585802294407,38.6626263064897,-1.9540453141158927,-5.9749354942459885
2001-02-21,21.42687424622505,37.90949199847138,-3.131062780709348,-6.490833480180455
2001-02-22,21.15711625368919,38.531651893878255,-4.237569961735127,-6.623793156321281
2001-02-23,20.718118533237046,39.30604071200553,-5.179594558743062,-6.100692910786946
2001-02-24,22.637370140418994,38.96227023348851,-6.4717700633494095,-7.480115818477078
2001-02-25,23.1381747932464,40.218125765653085,-7.477076718836652,-7.9678408797337505
2001-02-26,23.11179766486047,39.59745335215276,-8.566745042362022,-8.952232705375538
2001-02-27,21.436495241493006,40.09046048587322,-8.856093245196869,-8.493674831685562
2001-02-28,21.515787532707918,40.75627184559544,-8.197580987312586,-9.701589171804489
2001-03-01,23.448298738104597,39.49877797909692,-8.698527463343533,-10.152854688164918
2001-03-02,22.620987752341975,37.68605108122112,-6.652586336213185,-11.45116797769691
2001-03-03,22.995780777061118,37.92355784728746,-5.70099980869085,-11.728725109953546
2001-03-04,22.763711715168277,38.01230056891636,-6.98701752678704,-9.683723330758603
2001-03-05,23.38210345597866,37.62085078382571,-6.844939718927131,-7.224140860734186
2001-03-06,22.475646980581878,38.897215211950424,-7.735012221261832,-6.893651752831822
2001-03-07,24.02995789609078,38.87993532871821,-9.582745644400415,-4.888409717753902
2001-03-08,22.795584831801882,39.8318587154479,-10.162610177917637,-4.95724197483169
2001-03-09,21.957828672195532,38.93182450017286,-9.776422625246441,-5.304042344852901
2001-03-10,23.871851493736376,38.06578832304598,-10.068926895390055,-5.6597347198467265
2001-03-11,24.19676288136088,39.00600734944316,-12.510910217680333,-5.969750933974988
2001-03-12,25.772817630523317,38.23191445760222,-12.266543250397564,-5.959693869356822
2001-03-13,24.608000382635062,35.723898055675676,-12.448281611359835,-6.35361780723486
2001-03-14,23.71859314191917,36.800593518662936,-12.081857060515803,-7.0308886873642225
2001-03-15,25.457651288441003,35.73802981886526,-11.621639707659126,-6.000206452386005
2001-03-16,26.154952892564083,37.89374634382706,-10.357044286180123,-5.189086024610906
2001-03-17,24.872833420062015,38.76383140707693,-12.05036607773772,-5.266552101824638
2001-03-18,24.400781084763867,37.452460887119045,-14.588954848541835,-6.2111573269165925
2001-03-19,25.057499995097253,36.868700271109475,-14.9070407844272,-5.446822376786623
2001-03-20,23.11168237055954,34.824710246089865,-13.341688163532998,-5.912234554180791
2001-03-21,23.30152884182077,33.241503935507296,-12.026537737542455,-4.9665301468814125
2001-03-22,23.81747471555173,31.13741118505646,-12.834714543365461,-5.916947268387463
2001-03-23,23.56500390245934,32.096122190200795,-11.514077670654697,-5.288499083310629
2001-03-24,24.223542873715566,33.684574962905444,-10.187286294813353,-5.226924925607364
2001-03-25,22.950177336986908,34.39821570605038,-10.43563213372565,-5.815342822512518
2001-03-26,22.51602918037425,34.886126877142104,-11.430403985495008,-6.273264709988064
2001-03-27,22.53190339682948,33.19651642967094,-10.7640176596894,-6.129172105299573
2001-03-28,22.759536063456935,33.215641021272546,-9.690484507463697,-7.022385663404123
2001-03-29,22.160204509100318,32.571506564606175,-10.333452924574257,-6.847771590392591
2001-03-30,21.91003448334336,32.25656682057058,-10.8700924103005,-6.8586755333116365
2001-03-31,21.82440836200049,33.02612281147143,-10.73144575568651,-5.607898586335143
2001-04-01,20.998991207892537,33.78765236941196,-13.286483413119885,-5.8142134986614185
2001-04-02,22.9718830465191,32.075192102873494,-14.405984591703021,-5.273430799599534
2001-04-03,22.15958374656454,32.43252427077534,-13.109494948931102,-5.7499568114934965
2001-04-04,21.802038362695363,31.927936648593356,-13.149409883417686,-5.895188664018998
2001-04-05,23.1101638081852,31.867246867899414,-13.080662237753383,-5.11454092192806
2001-04-06,22.893293320792584,31.51711779704631,-15.223785616497857,-4.646252520570267
2001-04-07,24.535624175117814,30.768582869267416,-15.656886717621658,-2.5073716625690157
2001-04-08,23.73859517872223,29.694538046674122,-17.77893606513053,-2.7338161508891723
2001-04-09,27.046755293340713,27.925985376355158,-17.8294896593128,-2.8378887583630035
2001-04-10,28.207485698653198,27.73375387029408,-17.53388433479985,-0.9664501087048625
2001-04-11,29.238264964396368,27.82921616542669,-18.264744817657974,-1.992727097847433
2001-04-12,28.33098285999545,27.651756166514566,-18.155022299448635,-1.8226169952571705
2001-04-13,28.52173363246371,27.76243757967314,-19.565119526171415,-1.9322824350828942
2001-04-14,27.04672865427231,28.14146556678496,-18.98130902934367,-2.0883101553888013
2001-04-15,25.83447513460217,28.670765847271916,-18.397853531783028,-2.5461168827415075
2001-04-16,24.708199081044995,28.695581538542285,-18.172113369213907,-3.949452245320537
2001-04-17,24.498764469865993,29.10762749780022,-16.965020817000777,-1.9876026177018502
2001-04-18,26.343086075531037,30.01184491708175,-16.435075886901096,-2.3308039579691497
2001-04-19,26.217095408717014,28.989255584360055,-15.083956979448251,-3.0019529935907237
2001-04-20,25.69977154418793,28.27786714594561,-14.86624662118889,-2.6237490094352096
2001-04-21,26.333578163961946,28.21621856000543,-15.606875747755577,-3.9115217214543794
2001-04-22,27.138134618810902,28.27912997254653,-14.414774846271929,-4.225272990779838
2001-04-23,27.05243540021018,27.891687293642395,-13.765952986907475,-4.5351002896924575
2001-04-24,27.373771444665127,27.79566306059997,-14.581686424921422,-5.559070095744977
2001-04-25,27.45468681163589,30.227034665424554,-13.815784461570551,-5.878609561447402
2001-04-26,27.90966479257098,28.256861857429133,-13.319491010627734,-6.126885096907803
2001-04-27,27.334583706578886,27.71166444013695,-13.643043665316446,-5.0317000279037245
2001-04-28,26.575622704002964,27.486232766778063,-13.50924211815036,-5.3521607804524525
2001-04-29,26.188522550819858,26.757280765180518,-12.37634003505505,-4.522035411308518
2001-04-30,27.510929851759926,26.22637782515016,-10.59430670483728,-2.860123253453078
2001-05-01,27.579730117510977,28.182208431467007,-11.144258322286888,-1.7722597985406785
2001-05-02,26.866516013206656,28.073067532463174,-10.919932830293812,-2.1423066873909113
2001-05-03,26.717673375467008,30.631339930068442,-10.01101830561479,-1.6147025519846019
2001-05-04,26.471029640073386,30.220469235665853,-9.703988662759478,-1.3307217479673754
2001-05-05,26.636833665891842,31.61685673819217,-8.874361556735785,-2.2903572699020893
2001-05-06,26.839912146082174,31.890418894887738,-10.081660076763029,-3.5323513599224223
2001-05-07,26.874893843151572,32.497846578244534,-9.825423692753425,-2.3129920523491645
2001-05-08,25.99970658562753,32.320166373015454,-9.493395795338854,-2.777465584170282
2001-05-09,25.89011586388769,33.42508874202473,-11.039762096279992,-1.6045221493365858
2001-05-10,27.713468092961527,33.649300748624924,-10.99269543747912,-3.1818595220482235
2001-05-11,29.466557069386745,34.463471851556214,-12.471566876454741,-2.4455101232142
2001-05-12,28.890408022590666,35.39787270392207,-11.481441060871063,-3.2491401785961784
2001-05-13,29.302316163040107,34.968965356336014,-11.933200165101656,-5.0773108352262994
2001-05-14,28.017688049418037,35.57115318587249,-11.154536731127399,-4.724104045166496
2001-05-15,28.924008462223036,36.19595728851993,-11.197493139898908,-5.1209278516655
2001-05-16,29.37838584532574,37.18564165467802,-11.221672906642112,-6.571581081194171
2001-05-17,29.7202588514669,36.17567821450445,-13.487815556032192,-6.734063824682117
2001-05-18,28.71037376821983,37.10402699337302,-12.368733952031764,-5.507190282082319
2001-05-19,28.375708834261992,36.6255528129082,-11.231062977170193,-5.208169383999356
2001-05-20,27.761750422795803,36.262060096951515,-11.63956200751273,-5.727462491425713
2001-05-21,27.715115770282498,37.330117042875834,-11.929092624247133,-4.473921115208556
2001-05-22,27.174616512939828,36.53622273284853,-11.658611554879581,-6.235866484500503
2001-05-23,27.85184610806823,38.12113680651707,-11.917910012531301,-6.203712441567414
2001-05-24,27.86855541038554,37.23265665902618,-11.736076238438592,-6.742907232905608
2001-05-25,30.589070937502616,37.987569098928304,-11.584677094389475,-5.098291602600254
2001-05-26,32.4840834358421,37.6474977709871,-12.039983982142804,-5.633413009064321
2001-05-27,32.05896292932037,37.99614763261603,-13.636391819298028,-6.642678297448389
2001-05-28,32.25011275703543,38.98852920895633,-12.777715349859289,-6.456095729812017
2001-05-29,32.22012715578969,39.877785495634875,-13.661576499737738,-6.089358520364582
2001-05-30,33.342598932115465,40.050308378017306,-13.509444280005546,-5.708342784952842
2001-05-31,34.20313562530291,40.44772888216527,-13.492262794798924,-6.202790071354557
2001-06-01,33.47594402239231,39.543676338031,-13.672595944811093,-6.382806484139982
2001-06-02,34.81447404363976,39.30390216074325,-12.238057698135744,-7.072679493087801
2001-06-03,37.629159287340585,40.208501418870576,-10.733855292493764,-5.837051704367561
2001-06-04,38.95901357222555,40.37970633189968,-9.542431969557343,-5.593497385688426
2001-06-05,39.19554624119726,40.20408325334906,-9.500330685100137,-6.830295063406068
2001-06-06,37.990681063202636,41.37103497752721,-9.042021273001613,-7.2615659778691555
2001-06-07,37.87660318222734,41.44302376090777,-8.742540850325542,-6.810311660031937
2001-06-08,37.982748065516496,41.21225253257957,-8.291980991385122,-7.323989165712868
2001-06-09,40.15251588254981,41.86958064357945,-8.620719405835322,-7.601404286250243
2001-06-10,40.139644820849774,42.54361071447742,-10.197039330441038,-7.224398312790565
2001-06-11,39.35875537143313,41.10455393533265,-10.150638942836515,-7.218148451865618
2001-06-12,40.05837351629109,39.40534087417656,-10.55959207159156,-6.7654884282326915
2001-06-13,39.39899846853487,39.429971295421495,-11.592850612075553,-5.989531184885959
2001-06-14,39.54716609142413,39.033101164844,-11.917887979388217,-4.162385908944453
2001-06-15,40.58550626524102,40.48585646659958,-11.164867810592332,-4.129540591368824
2001-06-16,40.832703966618226,40.23515448047479,-9.548034871767888,-4.646759580283246
2001-06-17,40.72806029437626,39.02000255246011,-8.36094622318021,-3.4467454412525056
2001-06-18,39.45110222714203,37.89325842636693,-8.268636264212144,-3.8647911819204945
2001-06-19,41.43707683131666,35.51644328840436,-7.544331409003841,-2.39894479206448
2001-06-20,42.24614897498235,35.71855821711355,-5.7749308576389655,-1.098234860859833
2001-06-21,43.93798262776087,34.23859296585054,-5.264182873079802,0.08912104233028395
2001-06-22,42.702953867424505,34.62429640744215,-4.398814982866851,0.5985900618016309
2001-06-23,41.72955297052756,35.52926895520541,-5.311473882841236,0.4819090832005345
2001-06-24,41.02241327807976,35.35670787973322,-3.771884531503768,0.09880465233976321
2001-06-25,41.40506932609359,34.262842968275514,-4.4710415697824955,-1.736424907590501
2001-06-26,40.61487376232174,34.10405639643963,-4.2058615091788525,0.31641210370108697
2001-06-27,41.221245836645664,33.38788278577758,-3.834870809160419,2.0368078315496314
2001-06-28,40.80020263290774,33.78046939866433,-5.535672042559351,1.1867173979156398
2001-06-29,38.97501183447591,33.27010645218184,-6.598011536901136,-0.12612064023942482
2001-06-30,38.7494295182761,34.84072691049067,-7.24802504402643,0.04321514794122208
2001-07-01,39.189025341545076,36.21010288245862,-5.447555258400216,0.297779054282425
2001-07-02,40.30678465221726,36.49854131486134,-6.2067229776492185,-0.21652991018085532
2001-07-03,40.33560460297949,34.99104706578657,-5.056396784367056,0.9682563466682981
2001-07-04,38.94774136917039,34.74017984966038,-6.54623134038372,0.8417901721968124
2001-07-05,39.08127442438731,34.010376138505954,-5.3114943967268715,1.3209157355384313
2001-07-06,37.6436550826605,33.20294749828898,-3.726391034687312,1.1185539911201339
2001-07-07,37.51627546116583,33.08402137280576,-3.141880306238857,1.545480268358704
2001-07-08,35.89593642923721,32.70378675937182,-5.104614273315931,1.485919164326876
2001-07-09,36.44163685654967,31.868397946422593,-6.228945540646889,2.621549825876378
2001-07-10,36.874613131220904,32.932839510505794,-6.232851396082328,2.5971891791122697
2001-07-11,36.596010672422516,32.99944896852841,-7.153197375328089,1.7559112192743838
2001-07-12,36.83424309073009,31.973623879709162,-6.511711493259643,1.6228668800838917
2001-07-13,34.40749567851851,32.52865538559231,-6.563277229299533,0.7191671542490228
2001-07-14,33.595159472084504,31.96719871455279,-6.168404167581508,-0.6485622687529009
2001-07-15,34.10764426534032,33.25974707825817,-7.0491784870254754,0.9825712814798109
2001-07-16,35.000936021003916,31.317519869227926,-6.92707432139547,2.026714111674602
2001-07-17,34.993921618093566,32.06369037020052,-7.065831554725046,1.315632243940729
2001-07-18,35.3223043373565,31.624142198603597,-6.0781070617972155,1.0602165285735028
2001-07-19,34.524620665665765,31.37346838037001,-5.893124756561064,2.290041961781826
2001-07-20,33.25742326310345,32.204158077632464,-6.817975273198549,1.7637297030845187
2001-07-21,33.68008370190098,31.35583007973708,-6.809678112038346,2.199825156785914
2001-07-22,33.617191617141536,33.07055806089481,-5.630281144011167,2.2936544017026104
2001-07-23,34.778893260221196,33.48954934763366,-7.150831048231559,2.886372954453938
2001-07-24,35.09920251991191,33.72297816912181,-7.920640554342203,4.70066588753505
2001-07-25,34.84766146879313,33.535561373023825,-9.505301892129346,2.8813717800639065
2001-07-26,36.15220009211905,33.57478225217423,-9.512657709999939,2.1991220529394773
2001-07-27,36.535077010551475,34.165853496991076,-10.023973020656992,2.1551548306467
2001-07-28,36.20387566996603,34.0714260473803,-10.982611119833273,1.2554956226765865
2001-07-29,35.4051826741074,35.604956298525885,-9.159911730212448,1.152258171490305
2001-07-30,37.42678874618906,35.825621034224426,-8.046831693313939,2.625051366716372
2001-07-31,38.85460695613683,33.88184342309979,-9.373965318796355,2.5114262979852575
2001-08-01,38.045336800060966,34.409164051311485,-7.552469915083641,1.932802464569264
2001-08-02,37.477921004805566,34.08498272534267,-8.43429253365741,0.9884479661386079
2001-08-03,37.901469694644206,33.476183884268885,-6.9454115725801255,2.371814000327352
2001-08-04,37.92150265251122,32.62629062256277,-7.12892678631555,3.704499152229592
2001-08-05,37.798032195861445,32.12120977283095,-8.015869408157123,3.8465138400424217
2001-08-06,38.292382024542555,31.946845427546716,-8.044628546939522,4.480846067086371
2001-08-07,37.17697667346642,33.03590702957163,-9.012073555374045,4.232434510475116
2001-08-08,37.348713730130584,33.44183890941218,-7.681331649522319,4.353368203956406
2001-08-09,38.342088049597756,32.67123514233771,-7.371345941019629,3.7510050975120954
2001-08-10,38.52357704604717,33.14174724818495,-7.766911374707867,4.998985005743535
2001-08-11,37.293834886406756,33.44751463519382,-7.097003213474029,5.860642672382428
2001-08-12,37.092496045994906,33.79245953980057,-7.2385657497057325,5.475914981080156
2001-08-13,36.47903884286621,35.621160405511375,-8.334164814583916,4.493593166324901
2001-08-14,35.79263678165853,35.83590705412387,-9.752273715067389,5.159982376736089
2001-08-15,36.19738971382532,37.05711836106818,-9.681560372750022,5.85631320530989
2001-08-16,36.154848916623465,37.396969825011055,-9.59469001140797,6.122496993955314
2001-08-17,37.18903315281416,37.03316731331155,-9.943742809109375,6.139866385113928
2001-08-18,37.1733487555378,38.679830361871744,-12.119956396928348,7.115900196626289
2001-08-19,36.69812257778953,38.49296462203178,-11.428657688925146,7.885507303327094
2001-08-20,35.709028776536876,41.157035540823685,-10.220321763158811,7.683542027943845
2001-08-21,36.10332931347356,40.81280464289714,-9.985275110116122,7.434094129749495
2001-08-22,36.70508986321931,40.35864959540075,-8.561298926190053,7.798365180954883
2001-08-23,35.75530054828234,40.97390143838861,-8.507480326099364,9.856373711033118
2001-08-24,35.06002870435436,41.33828493528228,-8.022164792955248,11.475110117207173
2001-08-25,36.737979208628005,42.65813094229257,-7.599602730562632,9.400026851533887
2001-08-26,36.758795118058146,42.91620967948615,-8.483179468104307,8.88758458664448
2001-08-27,37.3942160916666,43.93686903799783,-8.916087321798608,8.474080082421505
2001-08-28,37.66347671864298,42.54524348531157,-9.654228086592564,8.739954009599527
2001-08-29,38.79752832413282,41.47721769198505,-8.753868665204484,9.316341608769317
2001-08-30,38.678090644970645,42.90894944339765,-9.435621388231647,8.789977403248766
2001-08-31,40.24072819883966,41.67091507955574,-8.323504663524819,9.452159469616037
2001-09-01,41.20707090336342,40.60186777912,-7.039590675044752,8.509948367033173
2001-09-02,41.64331281111925,41.97069780554119,-8.76071083470876,9.920653547797322
2001-09-03,42.644900865401894,42.94771325510627,-9.265932860848864,9.72320451375491
2001-09-04,42.16129993801192,43.22710948614727,-8.358190783786055,10.462032774701434
2001-09-05,40.20385383915783,43.150672551557086,-7.529265951535552,10.67117368790437
2001-09-06,41.67261978443212,40.570729745460945,-6.360135490466377,9.846405758612478
2001-09-07,39.78185093485763,39.55031646178679,-6.113181064831899,10.124751508099857
2001-09-08,39.14817468437857,41.340482764976365,-6.940067459898861,10.69306284247518
2001-09-09,40.09637177634191,42.14275117092099,-6.9177420433267764,11.970007607628107
2001-09-10,38.58144118955998,41.86615341455564,-7.518661645923292,13.6839407420907
2001-09-11,39.229822117900724,40.55141139259573,-6.436294633543215,12.924754186138156
2001-09-12,40.756805211086416,40.05082040528648,-6.463800271784799,12.917785645869495
2001-09-13,40.92052545987399,40.38273044317903,-6.350958552744408,12.523788748278381
2001-09-14,41.764414470300636,40.29331939334181,-6.641826754528962,11.48135476539571
2001-09-15,40.725293465176144,38.08908900158475,-7.740889481676529,11.919248645803153
2001-09-16,41.59987667255459,36.940193924660385,-8.10719140664095,12.504641579031157
2001-09-17,43.033172853814364,37.20320286919567,-5.553541459905009,13.26157481358389
2001-09-18,41.29062122099672,36.45394094156715,-4.812064444739717,14.170204242949211
2001-09-19,39.99742820177546,35.31648291062369,-4.2601426292453315,14.05455864540893
2001-09-20,41.80502235662479,34.7510799288576,-4.54866793456093,12.163083671527115
2001-09-21,42.52752855653743,33.87574771317764,-5.183042056099513,12.4113531352969
2001-09-22,41.535104373445854,33.986519790970966,-5.612952929948369,12.358418938926558
2001-09-23,40.78572990302057,32.86019294283844,-5.7383271640848506,11.51653914225757
2001-09-24,39.59850082228597,31.561840831704632,-6.147286110220968,12.9998509820844
2001-09-25,39.107084858465,30.4695231629901,-6.135109233781247,13.173504507322566
2001-09-26,37.668145497554775,30.33800662265524,-7.3407934472516585,13.524306777663611
2001-09-27,41.26958724464425,31.180948122924107,-6.942600793473803,14.150526339437285
2001-09-28,41.25372923047718,34.47623322940837,-8.615885070610169,12.409450602736051
2001-09-29,40.146947138729196,34.495624952627786,-9.462235526568758,10.812012642600832
2001-09-30,39.37314978604648,34.11865383202135,-8.450054126490459,11.479853690918594
2001-10-01,39.57205250845754,34.265525511271036,-9.031934723800637,10.616668047086852
2001-10-02,40.26325598567738,33.27686735082196,-8.749597777724581,11.256755001478037
2001-10-03,39.09077817047073,34.17133062362963,-7.409235928142989,10.613781973249395
2001-10-04,37.71707763865283,34.092607984441784,-8.91763590888746,9.473050795475872
2001-10-05,36.7745400162101,33.471675989085455,-8.429672720574985,10.893885512340823
2001-10-06,36.49888911257296,32.73492966211349,-9.619460592937404,11.164799131140104
2001-10-07,35.58722339056102,30.55395500615515,-9.333125237327208,11.134907793900927
2001-10-08,36.24972000647588,29.97674635344819,-9.11030301147077,12.53224563035997
2001-10-09,37.42852489088809,30.47802225070379,-9.025676188912724,13.073050682796584
2001-10-10,36.19356519055934,29.62929170680305,-9.630957298806631,12.87469301756468
2001-10-11,36.461704055498636,31.192226714569067,-9.696842858360831,12.886977394124392
2001-10-12,36.83213428960772,31.11952154655782,-9.538648080276655,13.165401101311932
2001-10-13,35.57492730407061,30.46185813505159,-9.055466050153253,13.660661002571352
2001-10-14,35.85107667919223,30.151465784015812,-8.784972925655579,13.305223658179015
2001-10-15,35.024539012794335,28.006140725869088,-7.326726183160087,12.003353797376835
2001-10-16,35.79012319696747,26.248306408169494,-8.356515525070447,10.597675523178069
2001-10-17,37.168085957503486,25.60426787663035,-8.997286478845751,9.832222843807271
2001-10-18,37.547392685924216,26.385269478328958,-10.983066279147815,9.67004128258181
2001-10-19,38.77333686419537,23.82735194221577,-10.911124527675206,10.991456789203015
2001-10-20,39.541648468634506,23.329307381337458,-11.660145653607415,11.004012660011664
2001-10-21,39.691533022515564,23.457998275593337,-11.728487091238556,11.41086743552296
2001-10-22,39.90741307780865,23.48870400288982,-11.678380855708943,11.043336433241292
2001-10-23,37.57392049002556,22.22431427508554,-12.02968197080519,9.712062910022057
2001-10-24,36.40992393504439,22.460431873484566,-11.837775676779758,8.046001865499612
2001-10-25,37.67305272222719,20.675506926101445,-11.305648281277106,7.971471446819672
2001-10-26,37.836807643855714,21.699500762170434,-11.701173759315214,8.562528686076742
2001-10-27,39.97006310547516,21.838474176458,-11.160486170029404,6.9631889730603085
2001-10-28,41.19734520316673,21.03144795560898,-10.244381044543353,8.471240687750136
2001-10-29,38.41421133853163,20.791471720768275,-11.92596106742926,9.26920805626198
2001-10-30,38.18366525353249,19.763500203589288,-13.370577614441254,8.301721050250842
2001-10-31,38.738357596352934,20.025733432757512,-13.302711983081721,10.132047749357149
2001-11-01,37.920848045140616,21.021272579829056,-13.0161495595782,10.209031837429748
2001-11-02,37.52882866974817,19.693745071979198,-12.851416357004984,10.117365973266873
2001-11-03,36.84846442282673,20.895682044054624,-12.36076366836951,9.817541588463158
2001-11-04,38.695872697317526,22.521236382693186,-13.850567999090362,11.08463344454789
2001-11-05,37.37427328281785,23.596200347485166,-13.867547670886482,10.702573059520356
2001-11-06,38.173780000081514,25.99380883550556,-13.60368534134402,11.068886290366285
2001-11-07,37.98394036830639,27.169010711595,-13.529027303350775,10.420983352736112
2001-11-08,37.8631987104607,25.87759087909007,-11.628862327296352,10.48453071869869
2001-11-09,36.261081637044086,26.69597243849592,-12.597959657401628,9.08259024416847
2001-11-10,37.59066358463985,25.671026554883067,-11.840764101486615,9.064657953019509
2001-11-11,37.98740864664273,25.863351855527853,-10.524747166679175,9.339364678140026
2001-11-12,36.422900633510515,25.946042958589157,-9.545953729034002,8.432867628420723
2001-11-13,36.093516686407966,25.933929016290946,-8.341985402796764,8.076717836033291
2001-11-14,33.603863551154404,25.494143788801857,-7.642981104260082,8.190429274208077
2001-11-15,34.50400077931767,26.45292202488759,-7.497185868056767,8.005682501927275
2001-11-16,35.529842769427745,26.945542095147292,-5.6145180629762015,7.5351083077866186
2001-11-17,33.03339352460414,27.99701236966451,-6.986910699038076,7.442211835315082
2001-11-18,32.07432991874924,28.483232256171668,-4.982689538737537,8.283934896183942
2001-11-19,32.655047876655104,28.477018166001052,-4.035451309694933,7.723264168133663
2001-11-20,32.97489068425361,28.388037610021456,-5.20600246654717,7.616460893565054
2001-11-21,34.818278206970795,27.327666875890152,-5.590449381335389,7.66469808733862
2001-11-22,35.16921985660419,27.313968363694855,-5.193956390305658,8.47308777079634
2001-11-23,36.05754202909835,26.821272828422536,-4.513621979269514,9.56577210306378
2001-11-24,34.07996310221415,25.683582271546822,-4.376787425740734,9.450131518971943
2001-11-25,34.76855605911044,26.3763619639072,-4.077809174425714,9.605748046671438
2001-11-26,34.17465266806309,24.905251839078414,-3.4556701857968397,9.805233058560233
2001-11-27,35.2334906694839,24.112707735166577,-7.075988930445787,9.764784315352552
2001-11-28,36.759040035099154,23.114774869797714,-6.682764114821523,10.53832730236258
2001-11-29,38.63573862119687,22.894160308584578,-6.754461042248939,11.530569538321876
2001-11-30,40.101399689679596,23.368398425547134,-7.448756444866742,11.546763945648788
2001-12-01,41.11544431448225,23.874433498435167,-6.6663651005078055,11.771223295861512
2001-12-02,41.46819498057836,22.708671924733096,-6.996404164561673,12.058681725334583
2001-12-03,41.57540746798068,22.992657177208983,-8.061725938601123,12.199462767204324
2001-12-04,43.00045615000385,22.426262676861775,-7.548443357715388,12.766876645654223
2001-12-05,41.863128388325244,21.340507062676675,-5.911815444076051,12.901176653196812
2001-12-06,42.47332357203878,20.26417406183488,-6.241340988210543,12.279718042592684
2001-12-07,42.9457251758532,19.464434384943075,-7.451963563008265,13.374169916686498
2001-12-08,42.72837405588346,18.922479187845802,-6.1004854397808135,12.60195881132325
2001-12-09,43.7045804959662,18.641021321762715,-5.765622244305666,13.128197640596174
2001-12-10,42.677454166315435,19.020620924829654,-5.566602049781334,12.665138940064045
2001-12-11,44.29074860577027,18.68978797263917,-5.7849288121839875,15.044828312714545
2001-12-12,43.08868620563419,20.556988924813435,-5.997160169755725,14.050949610072083
2001-12-13,43.5650680406139,23.15249628031725,-4.972832474336322,14.51011306701262
2001-12-14,44.300828042886664,23.443080194991058,-6.154235377496523,13.228252489433768
2001-12-15,43.939610681129516,23.8021712570302,-6.566589770341066,12.62930060919809
2001-12-16,43.40293252996549,23.735432082726913,-3.9884114345777593,13.243613237046675
2001-12-17,44.15843690494605,23.233156988103516,-2.859310358018702,12.197342566138886
2001-12-18,44.14538920738141,23.17616311240671,-2.491760767852801,11.315799035652326
2001-12-19,45.840921181684976,21.87410211648187,-1.5189799135221067,11.194714166289028
2001-12-20,45.422810082693374,22.3140850354671,-3.0184472248159855,12.919450800204576
2001-12-21,46.988152427077516,23.21841009542089,-4.388030983883847,13.744497023382223
2001-12-22,45.14346133796371,24.02756705619838,-4.002922079853526,13.765146396863997
2001-12-23,45.85110458956129,23.35460637205601,-4.610043458049032,12.980029264889026
2001-12-24,46.092419934233995,24.01170441019907,-4.24179590545118,13.350645029995768
2001-12-25,47.23964732710093,24.286561266969155,-3.6936661880213073,15.435187125091167
2001-12-26,47.146563457769496,23.703079563915118,-4.9788245236647,15.510521660310113
2001-12-27,46.93526376969967,23.374583081912867,-4.4692392536353776,15.597644028055981
2001-12-28,46.44815927350213,24.85407966160314,-4.560555884561345,14.73914589441539
2001-12-29,45.75905022317064,26.11581620094383,-3.7806598370854294,14.382731928764478
2001-12-30,45.67553965140804,27.621758717386914,-4.006814905035491,13.065731230347296
2001-12-31,47.37929593858256,26.50763815804309,-4.110783052034963,11.381336978682079
2002-01-01,48.93087753682412,25.698418868832213,-2.715683717969024,12.058259471462351
2002-01-02,50.516014715801624,24.498183177859293,-1.7701353424251831,10.878721858427411
2002-01-03,50.2243300068519,25.008835429437653,0.014785604473329883,11.345570373453889
2002-01-04,48.96820071256876,23.074319857140168,0.8805663582414851,13.392437835231194
2002-01-05,50.27400849787646,24.357876700807584,1.5535759124130974,14.408663205430706
2002-01-06,49.42546754618769,23.613861234220153,2.550167475458114,13.145488312772343
2002-01-07,47.655897089632795,23.566374370136504,1.3438528818934459,14.392609880181743
2002-01-08,45.92511592381314,23.824871859379016,0.315282978412903,13.980520022000217
2002-01-09,47.05068074341719,22.855000326811762,-0.66237744082712,13.830938488685984
2002-01-10,46.9980749457818,21.16946046040586,-0.06410128226532608,15.013805421524863
2002-01-11,47.80931964851872,21.59949639600212,0.32464141393719637,14.469942127293294
2002-01-12,48.646684139415136,22.139263228407017,0.9220489206395692,14.121796749198179
2002-01-13,45.78046260667898,22.694626915249987,-0.5443950469658552,13.927120239502502
2002-01-14,45.8020532063488,23.364141946859558,1.086801203848261,14.271123454429315
2002-01-15,46.04926229994168,23.597234256779014,-1.4431539322942115,15.074154088236106
2002-01-16,46.06940268039022,23.54568550582843,-1.0284579921075716,15.478522435439167
2002-01-17,46.486199338860786,23.672771533894633,-0.18231191465314756,14.253610683340892
2002-01-18,46.40648943201032,23.435682965410034,-1.460633604768228,15.058387415412069
2002-01-19,45.48019530277957,22.18136065992921,-1.3152242888239132,13.42164896174284
2002-01-20,44.053591703138,21.70836919001049,-2.064603236904863,13.085501793376128
2002-01-21,43.201414806420736,20.681016868065743,-2.1535156447814265,11.261888310145876
2002-01-22,43.275929447917825,19.39741780697831,-0.3585968338589183,10.394334887830285
2002-01-23,42.15747190260302,21.078009237798874,-0.5261878793429352,9.746200013234782
2002-01-24,42.29172132413765,21.71180951793682,-0.7386870821475562,8.586971881814026
2002-01-25,44.401240089430544,21.78168079253466,0.46737605654709635,8.699011862078413
2002-01-26,43.421270706520964,20.930845657556528,1.4932008584153806,7.76173952318894
2002-01-27,41.34319602476663,20.014333416139575,1.8879270852682541,7.651707454447293
2002-01-28,41.49564697081605,19.581933968565938,3.505099523706624,8.630604399181799
2002-01-29,42.822193117023396,19.453226778088066,4.462556387074672,8.841052153828747
2002-01-30,42.158586155709656,19.135787556003805,4.47342549737432,9.565028644811404
2002-01-31,41.566262977056965,18.965444095487797,2.929315597557661,8.918159229219661
2002-02-01,43.04588207168526,19.817311283219635,1.9406692053126284,9.422468434150797
2002-02-02,42.68916012020503,20.859059813469862,1.6930594479808594,9.92777178397866
2002-02-03,43.470942118205414,20.17097857007382,2.5207011510093675,9.76484941761051
2002-02-04,42.91269894062775,18.599632378258114,2.9338146027734187,8.881968528383116
2002-02-05,42.43395260437815,18.38965906246664,2.8917823253639465,7.30448855516173
2002-02-06,43.90792443226693,18.924124486998842,4.122459956042448,6.479142059090828
2002-02-07,44.042156394558724,18.140763918364797,4.194187040171983,5.859012416106797
2002-02-08,44.351588489711126,15.721483252404933,5.483923484690892,5.920204266264453
2002-02-09,45.96020210845565,14.77275894109165,7.549414137033736,7.426526248599852
2002-02-10,47.79689886331469,16.65723361060086,7.376784357688347,8.448288203677377
2002-02-11,47.25507643631843,15.748262563803163,6.475852440031682,7.835649073719243
2002-02-12,46.5654850472409,15.173304294158136,5.417102250089362,6.081018431056481
2002-02-13,46.73045101934605,14.164558102336185,5.617882154117206,6.100683662191133
2002-02-14,47.953210287919276,14.81942060140734,5.221804482108965,7.752168905303482
2002-02-15,48.24644598244079,16.195489343238716,4.135354647025316,7.191024839281478
2002-02-16,47.66996127510032,16.37339458169264,2.0037543409171716,7.091780228675707
2002-02-17,48.04116907180381,18.271814039275803,2.2888196458977395,7.2697462858915545
2002-02-18,48.244388341818464,19.10276183665931,1.5842461995438852,5.964046320143791
2002-02-19,45.71197576795875,20.46958171561255,1.6748290967474417,4.837955608499617
2002-02-20,46.801780656283356,21.20758939885527,1.9857669702750214,2.772117256258672
2002-02-21,46.86624911967596,22.156056676661613,1.5941257664529784,1.4821195394099074
2002-02-22,46.7789424022834,23.09998829926271,1.307723143471212,1.6298271266561701
2002-02-23,48.70963005790478,21.309045937704376,1.3736318834184802,1.833451450110058
2002-02-24,49.17850962315867,20.03932338408938,-0.1821065308502141,0.21198134662955148
2002-02-25,47.996093367267854,20.026095157314693,1.559783782503099,0.6447879524602763
2002-02-26,47.74926169571959,20.800755431548705,1.8213499485748144,-0.9251585648169357
2002-02-27,46.37834336727212,19.518631323998502,-0.2103902593739333,-0.04665357998134645
2002-02-28,46.15140549525073,19.171221585846794,-0.627548320303339,-2.1193294339763824
2002-03-01,44.5904993472466,20.133186448477556,-2.7424525528971055,-1.4673713938734192
2002-03-02,45.573647616273554,19.918363822616488,-2.1536880191349375,-1.361256158307365
2002-03-03,45.45731746719596,18.42131715529742,-1.7509921232502594,-2.4749860340147194
2002-03-04,45.07081916131457,17.873363413230535,-0.6483517212970866,-3.3461202333595286
2002-03-05,45.64625626199116,18.977955638933484,0.84319657119979,-3.2409017109149674
2002-03-06,45.094486930936306,19.40682996355013,0.735969282383256,-3.2315435346039205
2002-03-07,44.231019867069044,20.75544895199998,1.8765540458744587,-3.2718069682958326
2002-03-08,44.52047228723946,20.23241808421519,1.552945742025178,-3.938458067275247
2002-03-09,44.69535376151524,21.14250549423353,2.4408262562133216,-3.5006586428782547
2002-03-10,44.88145732119375,21.483079106502878,1.959708509386191,-4.213657397117083
2002-03-11,44.854864339723704,20.820606610725825,2.1080468420622878,-3.66289334123413
2002-03-12,46.65573566725811,21.4607213510392,1.4633830075897918,-4.708509574493854
2002-03-13,46.16796264112825,20.15962500295821,1.5311125542349293,-3.647627405555081
2002-03-14,46.33753800862911,19.2065810076536,2.43702433636362,-2.209861056252639
2002-03-15,47.261557720187675,20.416464328817714,3.951774864640358,-2.473444014248093
2002-03-16,47.65442190485408,20.56071133325031,4.843852464032086,-1.7518249513466313
2002-03-17,46.634890702673836,20.83068300407531,6.371487904681642,-1.7388417873685662
2002-03-18,46.82302087657052,21.51544904621611,5.748029877999377,-1.0165590875646038
2002-03-19,47.297125150736846,22.66923868614862,5.255801672619947,-1.5330087985539604
2002-03-20,47.47214777117047,21.878930066835796,5.671242120140504,-0.43411377249497307
2002-03-21,48.01090027821492,22.506521562548187,6.419139843507928,-0.4128194985969181
2002-03-22,48.607633574354466,22.844929280990314,6.1945187716199355,-0.775266705137604
2002-03-23,50.48256305381197,22.970549778436446,7.024091889896681,0.024033058124823814
2002-03-24,50.893281208534084,25.119776764463985,5.778300102835068,-0.08873062500031427
2002-03-25,51.841569550222914,24.90762612272666,4.2495094705129,-1.1140352034124517
2002-03-26,50.952517423080906,25.099171441673306,4.405480502863821,0.3521190996557546
2002-03-27,52.21627483643315,26.47343328587287,3.310463098656623,1.196474010963914
2002-03-28,52.05340585706737,28.106925081474802,3.4240374642301683,2.15482372217369
2002-03-29,52.59039141402069,28.011298320162695,3.9442611130177543,1.3680187188459345
2002-03-30,51.5651336272615,28.066842635516988,2.660812417070214,0.2617234363119292
2002-03-31,50.62694931736057,28.478833249579697,2.2131309739494625,2.4085092187686383
2002-04-01,50.30208057577024,28.321099219336297,1.862888715237485,0.9454017957730438
2002-04-02,49.86253887821018,28.195472752204545,1.853422246350154,0.7065633328319085
2002-04-03,50.134776989871234,28.346771105963843,1.8511103189621465,-0.044482173245299905
2002-04-04,50.12992759813597,28.624962690639098,2.0367307688346084,1.7471751439811696
2002-04-05,49.97191353659299,29.782199266671697,2.405823427405539,1.9780686516696602
2002-04-06,48.79852853268547,28.25903235481071,1.8184904380869396,2.4628803630541163
2002-04-07,50.74787331764361,28.615966768605393,0.6802141055479258,1.8687803862148664
2002-04-08,50.8028694654181,28.20730080638167,1.9031417348460087,2.633888463875067
2002-04-09,50.512482687341226,28.802962779083085,0.1664611418621309,4.255727824905942
2002-04-10,49.11079046415448,27.947236355319948,0.09431238608079161,1.5919639001255033
2002-04-11,48.59909206247665,26.07654994260323,-0.7812622948758773,0.850076600713266
2002-04-12,47.66137581073404,26.97720970596353,-0.7310177933501583,3.574893754824803
2002-04-13,47.516985190597275,27.56760883043484,0.8021450731619586,2.939114889240928
2002-04-14,48.90601542469404,27.598587647003278,1.6619609020622854,3.0359720896281224
2002-04-15,49.104689466646676,27.679667602507063,1.2982429412352035,2.383774516062978
2002-04-16,49.10511701570536,28.824026882638844,2.689226117311558,2.4624741735487037
2002-04-17,48.17620495029501,28.56472961775272,3.0196207230702488,1.347926974024489
2002-04-18,48.67226236435316,28.940857247535636,3.414730952895869,0.6029356814580628
2002-04-19,47.63403720252562,30.68791116463532,2.8775567071478685,-0.02450311908238667
2002-04-20,48.87537279918543,33.06698549268307,3.9891803085819344,-0.0827171791553346
2002-04-21,49.177260107935204,32.46461516917282,6.336073513781985,-0.0843772594942374
2002-04-22,48.66772655854865,32.33329075559462,6.260378787305393,0.48023865458956044
2002-04-23,47.24509386105077,32.28080673744237,6.879538790740828,-2.6159617711153365
2002-04-24,48.20135887679321,33.79202845458674,6.82408099589419,-1.806232290004274
2002-04-25,48.150932388923074,32.0940900325468,5.6302236902565514,-1.1012020334505421
2002-04-26,50.79378418153825,32.4204869261543,4.79493988967804,-2.997147191746156
2002-04-27,52.130896779914806,33.91224467521328,4.362658845600583,-4.23198171735952
2002-04-28,52.82259118119012,34.69711025473406,3.7898866642620357,-3.137090242266181
2002-04-29,52.366347063308986,36.21472585550376,2.6894674223797868,-2.8950156739706694
2002-04-30,52.50160773862462,34.847301859141744,3.903312752693867,-2.7964645879167946
2002-05-01,53.16848115127252,33.66373207119869,4.086375466051826,-2.374234935901879
2002-05-02,54.07168576681641,32.524298570094814,3.4649954892772046,-2.847441250741647
2002-05-03,51.56916745613763,33.10357818642012,3.751786768004293,-1.8785186090870074
2002-05-04,50.58686514896638,32.60555058256989,2.667591564860829,-0.3580838321232207
2002-05-05,50.75890269988242,31.655486534394996,4.5884992906985005,0.0925144895221447
2002-05-06,51.94524893121711,34.602122183343425,3.1355003993310335,0.11742012150006229
2002-05-07,51.69050172381453,35.46617725680646,1.139052085410084,1.288812938256114
2002-05-08,50.107774605769386,35.10233728096602,1.2739766623716753,0.6429109934437537
2002-05-09,50.259975021056405,36.21458499691773,-0.43816892350494197,-0.6038272818240206
2002-05-10,49.05473578399655,37.68781708163266,0.9360913771876838,-0.2208087075374714
2002-05-11,48.193454490397365,36.91076527124471,1.1909283814880052,-0.050043603622874355
2002-05-12,47.60483489757068,38.236350227898576,-0.5929112078681502,-0.4300333154804016
2002-05-13,45.82509129114976,36.899295715542166,-1.0835107708573937,-0.694201692728112
2002-05-14,45.5244595715274,36.20000663828015,-1.5529303263234573,-1.864018752058369
2002-05-15,44.89677132802483,37.26991490174275,-1.936930994143548,-1.8089363155539617
2002-05-16,46.35014539372268,37.132744063288456,-1.5433247362230984,-2.103857153839684
2002-05-17,45.614517720795206,37.73961297040488,0.23146345446697159,-2.821297007926259
2002-05-18,45.569703070185824,37.74950000345993,-0.5375905683320384,-3.100367570190525
2002-05-19,45.44769962238473,38.84886495613415,0.3459180133759422,-3.181649165622162
2002-05-20,44.85790666428271,39.825113008389096,1.8134092921993634,-2.639669870659751
2002-05-21,45.024650938090794,38.67169670118778,1.4813178180582771,-1.5289565175692073
2002-05-22,44.87678397881285,37.663956021755105,1.9558995951114393,-1.5906648800861158
2002-05-23,42.79004734773571,36.66029565261999,1.2224153715445432,-1.8029587397239395
2002-05-24,41.473201638319715,37.20098786972124,0.6420738898103564,-3.619162659885342
2002-05-25,40.62433964128755,36.6558218395353,-0.8034022590139394,-3.418513116677629
2002-05-26,41.268672727828125,36.94038641965767,0.4603892822633493,-1.707921946155818
2002-05-27,40.48276536879645,37.87662194928999,1.5428807111170608,-1.326553087688833
2002-05-28,41.47900939980782,38.44272745400729,1.390220254195943,-1.7309783552669935
2002-05-29,42.27173479377335,38.015271699751786,1.120383983322545,-1.7269442157324217
2002-05-30,42.06503095833563,39.55723268846916,1.1442213230282188,-1.033865650031497
2002-05-31,41.70404821948722,40.04632921472339,0.968102527624192,-1.7130553107893722
2002-06-01,41.28458422871595,41.69436850481977,0.7228907039798954,-1.6619665425279342
2002-06-02,41.53190526565647,41.491643023581354,2.624246761503126,-0.48953997466119126
2002-06-03,41.00454713874175,41.52337088558194,4.058103790706665,-0.9002943905527482
2002-06-04,41.42543625290579,40.4311424474734,4.118463322265059,-0.5153524857761629
2002-06-05,40.825844176644694,38.43685659243911,3.0872400602955343,0.48626680905530884
2002-06-06,41.06852903131248,38.64153195121841,3.8224901284523924,1.600381357515634
2002-06-07,41.97943064055162,37.91409149989768,2.654402250557817,0.8859780870833229
2002-06-08,40.97901806580386,37.5088001222517,2.1752064196924765,0.2701459739896547
2002-06-09,38.791121472504386,37.75877525922337,2.9134960560991328,1.7502953207025085
2002-06-10,38.726130069051905,37.20484384680119,2.721462544887417,1.9178004813579563
2002-06-11,39.55423731633353,36.74349450931493,1.854882390429716,1.3468426984560806
2002-06-12,40.2930773733112,34.65002855470471,0.6933760383413179,2.327454662262049
2002-06-13,40.4807366496795,33.57852104254014,2.3799852562960506,3.4723398620899992
2002-06-14,40.02423454710463,32.36741442265657,3.590954528199654,4.111836037371444
2002-06-15,40.09408610184649,32.980776870233946,4.400747726508211,2.926363282641916
2002-06-16,39.279097757564976,33.94535475933854,4.246190760187272,3.5069536260340026
2002-06-17,40.487879914340766,34.07951405484977,3.879322848152262,4.990364216146323
2002-06-18,40.9718582027626,35.684367851501285,3.7311352308626438,5.218573319982512
2002-06-19,39.326439576446965,34.38345102707403,3.5614697873091976,3.5765193392746895
2002-06-20,38.8829913133364,34.20908705614812,4.410429561007323,5.55279515587687
2002-06-21,39.57031199670231,34.04925760681405,5.41081644148551,5.12373795334923
2002-06-22,39.64048765772358,33.926746737997135,3.9697910864451296,7.016315288369109
2002-06-23,40.66193111020773,33.674172191641205,5.973238000203022,8.70255703703614
2002-06-24,41.01064643640285,34.02616792717785,5.009792847148462,9.37412978984503
2002-06-25,41.289594705265756,35.31725645954697,4.87997879531408,9.480577646614305
2002-06-26,41.57424514240894,36.102044028282315,4.2081248274943786,10.376839410990781
2002-06-27,41.2634801718756,37.194644337892335,2.6830034674916714,9.729235606101211
2002-06-28,41.35890210413372,36.69708090437996,2.122487863670833,9.18846685303042
2002-06-29,40.8909544014413,35.76855306191435,1.4236697609322722,10.136130660543293
2002-06-30,39.41286354791248,35.5553551107457,0.2160965027785764,10.727080751582577
2002-07-01,38.94301181481566,34.99407681302223,-0.5182758110091398,11.044640965525883
2002-07-02,39.36284978950254,36.0557817408571,-0.833427292704287,12.535746856731228
2002-07-03,39.04914289793146,36.17472683706957,-0.8469846740202848,12.428029774464727
2002-07-04,39.009059245500474,35.07221917342813,-1.3352364094595335,13.235545858978437
2002-07-05,39.488573230780425,33.89843822704951,-1.130612221916389,12.71845304121902
2002-07-06,37.91201491101826,34.12485173299183,-2.0912087799058128,14.096703935138855
2002-07-07,37.19024489506004,33.53086784121904,-1.4453529176748692,12.860446147141284
2002-07-08,36.07238388196966,32.97965180342273,-2.5214656833341373,11.60369303353939
2002-07-09,37.29791670419508,32.546984333096646,-0.9788989586271892,10.743436517010924
2002-07-10,37.44604015724522,33.07540048662324,-1.0049288913607208,8.829782334121594
2002-07-11,37.789884362103216,35.23075427469307,-0.8032445335577496,9.170213347627138
2002-07-12,36.43866557726336,37.37375443193269,0.9205127161760902,7.759457652061855
2002-07-13,37.0567069868401,35.543713710305575,-0.6009589148287058,8.793141847321317
2002-07-14,35.50161088414135,37.031540053509126,-0.2489366830990578,8.784001800629166
2002-07-15,35.19090720012653,38.95282571924109,-1.4984023535903064,9.665066088758692
2002-07-16,34.19325013397279,39.535407245702125,-1.131918373360361,10.227155507310634
2002-07-17,33.77250569087951,41.1544926813133,-1.4385106506383576,9.538262613773078
2002-07-18,33.66396387150959,40.946235011669664,-1.460407474266747,8.54682152338813
2002-07-19,33.68022704350805,39.84743753338232,-1.1950501128011093,8.583276418180073
2002-07-20,33.03320970043864,39.17870662266435,-1.8065682844461093,9.797498714065382
2002-07-21,31.87108821853622,38.91593910305166,-1.7432312054376085,9.759496678283028
2002-07-22,31.763057020783936,40.06731391974711,-1.639006123753564,9.392122502302033
2002-07-23,31.656359468444236,38.55685536287301,-1.4066067622337535,9.643222440917219
2002-07-24,31.66415501287977,39.637506149636124,-1.6549997815588875,10.496937838469165
2002-07-25,30.312983678128372,38.427019895436196,-3.9426185693785207,11.441166894435138
2002-07-26,31.746224601356754,38.11025734193259,-2.455548769863041,11.681746903537503
2002-07-27,32.20910212542512,38.84692875247675,-3.032209853882903,12.25098677114883
2002-07-28,31.992940870050095,38.17109288686689,-3.453983916023326,12.02773816690153
2002-07-29,33.73921225532205,36.607522131466595,-4.547586196324548,12.073403951734733
2002-07-30,34.14491566876478,36.77452455717879,-3.993127973693274,11.85423849206677
2002-07-31,34.945194444580565,36.40305654731783,-2.8746159569071885,10.740972316212838
2002-08-01,36.19823744101826,35.88180165400037,-2.9228483929499944,9.881130642193058
2002-08-02,37.13450287478647,33.81982736163328,-3.6454655070300612,9.28388962611379
2002-08-03,37.66460058139887,31.99660910636139,-3.411307876855593,9.941891227904563
2002-08-04,37.16767417216893,32.96398960729655,-2.8357418276029955,11.029184210794355
2002-08-05,36.63647526947983,32.92069389303177,-1.2345710761774011,9.796459974106984
2002-08-06,35.931097787087474,34.54212968781348,-0.8208913115319139,8.903996484477249
2002-08-07,36.66749814006861,33.70726445720269,-0.4161269253573476,9.316989829131114
2002-08-08,37.148880500822386,31.83489604483987,-0.08169780394944876,9.927621127397735
2002-08-09,38.13228066317533,31.623370000756722,-1.164154291620539,8.594213099958754
2002-08-10,38.55763548591405,32.128288808846634,-0.9325020851394716,10.099408812784862
2002-08-11,39.280283015553586,33.45263395817461,-0.3190740866800943,11.37465515170522
2002-08-12,37.781060133121755,35.11853642179772,0.6516952242863742,12.427142126317017
2002-08-13,36.300800327608826,35.49195792954691,2.246063554991113,10.773896822778926
2002-08-14,37.118256571202814,37.316783514877336,2.3871893085300444,12.14208933953008
2002-08-15,35.938117667527415,38.4498275646932,2.4298445071177937,12.827645794344015
2002-08-16,35.76776524429193,38.89480162448421,3.4391680210300946,13.278122498339876
2002-08-17,37.03632103075217,37.93698134822702,3.6449204750264013,10.18126471588069
2002-08-18,36.99835864419898,38.06081688832577,4.341186879043451,11.380690769476757
2002-08-19,37.65518822755084,38.05576494219594,3.9040833368836974,10.68085579666554
2002-08-20,37.098235251035085,37.56708628670193,4.407425910259214,10.970954956514047
2002-08-21,38.89156331787758,38.99587657833658,4.795490277866813,11.85695771773666
2002-08-22,36.87478724895102,39.80072376471336,3.852532449769578,12.245443166266375
2002-08-23,36.51681792853923,39.22653942932725,2.4807614052892273,13.42810361181596
2002-08-24,35.30444836047963,41.37132698180793,3.718848254865538,12.974939174156576
2002-08-25,36.20892821266249,42.03911942795346,1.9530633029548776,12.589142665827467
2002-08-26,35.917087069198445,42.40100093201131,2.006019235809775,11.288362898660814
2002-08-27,35.86394026073747,42.80065469414851,3.8370263995809597,13.77056897720591
2002-08-28,37.7130044634981,41.93404550174851,3.5875066980133328,15.564289137590917
2002-08-29,38.104453707835496,42.123669501080066,5.053681799894655,14.738593387110694
2002-08-30,36.15724990174848,42.23357159842374,6.319015776207835,15.217796638018404
2002-08-31,34.85229410103091,39.82985393256242,6.826816091145858,16.07340153630341
2002-09-01,33.99806024421888,41.10652500877987,6.514424773167634,17.66014184797615
2002-09-02,35.129441959607014,39.69652715918049,6.8245313923303845,18.260772178430333
2002-09-03,35.06409579041983,41.1162240137549,7.408627907864498,16.993620256697398
2002-09-04,33.05598319735725,41.66203634855867,6.502896939031823,16.45418523673745
2002-09-05,33.29421717953188,41.70213653699703,5.95080918521514,15.892778947156513
2002-09-06,32.19780627144003,41.417602763766254,7.246396637949437,15.638933067065238
2002-09-07,33.29541747599474,41.502780456297124,8.202619132520434,16.685058673397766
2002-09-08,35.08437369283395,42.63887003068501,6.996954215055837,16.66398616790824
2002-09-09,35.46106564705375,41.60267051328277,7.556182557369603,17.651457195963108
2002-09-10,35.45025441734052,39.75469811895291,7.171865798530839,17.683666380826665
2002-09-11,36.741999106730226,38.676442311644266,5.69284190093507,17.65714460521668
2002-09-12,35.29329379487202,38.35597415985177,7.522652703269243,16.111827731776344
2002-09-13,35.020372406790706,39.97645344622572,8.55803862390862,15.24789203582415
2002-09-14,34.610429449962496,39.809817105244576,8.945012625898418,16.497726665142117
2002-09-15,35.22180084934035,40.55147731246174,7.790551689560427,16.14710930163941
2002-09-16,36.181644765019286,40.72071855271225,8.950503854700617,14.822060981940401
2002-09-17,36.913681087814766,40.51353555316969,9.426080360949577,14.794987659185868
2002-09-18,36.63299724773384,38.83919203264759,9.414300858573876,15.909143152087706
2002-09-19,35.46892129823119,38.52884726982293,9.65144062263607,15.346995133645375
2002-09-20,35.92777871356768,39.882822717456534,10.700892083087307,15.575740230887583
2002-09-21,36.03892053237957,41.18725452678382,10.333140671679985,15.48481396839289
2002-09-22,36.32960607603067,41.88291348458791,10.677000414819542,13.78932980606534
2002-09-23,35.5025688213984,42.13754762437192,11.09340076771754,13.027229278150601
2002-09-24,34.77516891733087,44.6160472688759,10.57055966383144,12.959392701312145
2002-09-25,35.08500251355842,45.16139276838638,10.345243521755256,14.904696635021136
2002-09-26,35.147949770387264,43.605106614977736,9.703656492806063,15.103374498618273
